{
  "calibration_run_id": "calib_sha256:c_6bea5ea6_a800a8de",
  "reproducibility": {
    "trace_dataset_hash": "sha256:c173b1f838a346f2aab8c44e10e3807140c4f28cf105f315ba55fbbf681b12b8",
    "trace_dataset_hash8": "sha256:c",
    "mas_run_id": "mas_1d5b227a_gpt4omini_0ad5f2b4_d22060bf",
    "exaid_commit": "a800a8de806ad556616561fa12aeb8bb4bf8a805",
    "exaid_commit8": "a800a8de",
    "calibration_config_hash": "6bea5ea6048899d61eefb8da3dc7d7260f4044df4ce92e7f669575a0db646525",
    "config_hash8": "6bea5ea6"
  },
  "policy_validity": {
    "valid_policies_count": 625,
    "invalid_policies_count": 0,
    "invalid_reasons": []
  },
  "constraint_filtering": {
    "total_policies": 625,
    "survivor_count": 250,
    "rejected_count": 375
  },
  "selection": {
    "method": "pareto3_utopia",
    "selection_mode": "pareto3_utopia",
    "selected_policy_id": "policy_0400",
    "selected_parameters": {
      "min_words": 60,
      "max_words": 100,
      "silence_timer_ms": 1000,
      "max_wait_timeout_ms": 4000
    },
    "metadata": {
      "dropped_metrics": [],
      "utopia_distance": 0.5773502691896257
    }
  },
  "weighted_scores": {
    "policy_0250": 0.439521667621941,
    "policy_0251": 0.439521667621941,
    "policy_0252": 0.439521667621941,
    "policy_0253": 0.439521667621941,
    "policy_0254": 0.439521667621941,
    "policy_0255": 0.439521667621941,
    "policy_0256": 0.439521667621941,
    "policy_0257": 0.439521667621941,
    "policy_0258": 0.439521667621941,
    "policy_0259": 0.439521667621941,
    "policy_0260": 0.439521667621941,
    "policy_0261": 0.439521667621941,
    "policy_0262": 0.439521667621941,
    "policy_0263": 0.439521667621941,
    "policy_0264": 0.439521667621941,
    "policy_0265": 0.439521667621941,
    "policy_0266": 0.439521667621941,
    "policy_0267": 0.439521667621941,
    "policy_0268": 0.439521667621941,
    "policy_0269": 0.439521667621941,
    "policy_0270": 0.439521667621941,
    "policy_0271": 0.439521667621941,
    "policy_0272": 0.439521667621941,
    "policy_0273": 0.439521667621941,
    "policy_0274": 0.439521667621941,
    "policy_0275": 0.43733037723795176,
    "policy_0276": 0.43733037723795176,
    "policy_0277": 0.43733037723795176,
    "policy_0278": 0.43733037723795176,
    "policy_0279": 0.43733037723795176,
    "policy_0280": 0.43733037723795176,
    "policy_0281": 0.43733037723795176,
    "policy_0282": 0.43733037723795176,
    "policy_0283": 0.43733037723795176,
    "policy_0284": 0.43733037723795176,
    "policy_0285": 0.43733037723795176,
    "policy_0286": 0.43733037723795176,
    "policy_0287": 0.43733037723795176,
    "policy_0288": 0.43733037723795176,
    "policy_0289": 0.43733037723795176,
    "policy_0290": 0.43733037723795176,
    "policy_0291": 0.43733037723795176,
    "policy_0292": 0.43733037723795176,
    "policy_0293": 0.43733037723795176,
    "policy_0294": 0.43733037723795176,
    "policy_0295": 0.43733037723795176,
    "policy_0296": 0.43733037723795176,
    "policy_0297": 0.43733037723795176,
    "policy_0298": 0.43733037723795176,
    "policy_0299": 0.43733037723795176,
    "policy_0300": 0.43733037723795176,
    "policy_0301": 0.43733037723795176,
    "policy_0302": 0.43733037723795176,
    "policy_0303": 0.43733037723795176,
    "policy_0304": 0.43733037723795176,
    "policy_0305": 0.43733037723795176,
    "policy_0306": 0.43733037723795176,
    "policy_0307": 0.43733037723795176,
    "policy_0308": 0.43733037723795176,
    "policy_0309": 0.43733037723795176,
    "policy_0310": 0.43733037723795176,
    "policy_0311": 0.43733037723795176,
    "policy_0312": 0.43733037723795176,
    "policy_0313": 0.43733037723795176,
    "policy_0314": 0.43733037723795176,
    "policy_0315": 0.43733037723795176,
    "policy_0316": 0.43733037723795176,
    "policy_0317": 0.43733037723795176,
    "policy_0318": 0.43733037723795176,
    "policy_0319": 0.43733037723795176,
    "policy_0320": 0.43733037723795176,
    "policy_0321": 0.43733037723795176,
    "policy_0322": 0.43733037723795176,
    "policy_0323": 0.43733037723795176,
    "policy_0324": 0.43733037723795176,
    "policy_0325": 0.43733037723795176,
    "policy_0326": 0.43733037723795176,
    "policy_0327": 0.43733037723795176,
    "policy_0328": 0.43733037723795176,
    "policy_0329": 0.43733037723795176,
    "policy_0330": 0.43733037723795176,
    "policy_0331": 0.43733037723795176,
    "policy_0332": 0.43733037723795176,
    "policy_0333": 0.43733037723795176,
    "policy_0334": 0.43733037723795176,
    "policy_0335": 0.43733037723795176,
    "policy_0336": 0.43733037723795176,
    "policy_0337": 0.43733037723795176,
    "policy_0338": 0.43733037723795176,
    "policy_0339": 0.43733037723795176,
    "policy_0340": 0.43733037723795176,
    "policy_0341": 0.43733037723795176,
    "policy_0342": 0.43733037723795176,
    "policy_0343": 0.43733037723795176,
    "policy_0344": 0.43733037723795176,
    "policy_0345": 0.43733037723795176,
    "policy_0346": 0.43733037723795176,
    "policy_0347": 0.43733037723795176,
    "policy_0348": 0.43733037723795176,
    "policy_0349": 0.43733037723795176,
    "policy_0350": 0.43733037723795176,
    "policy_0351": 0.43733037723795176,
    "policy_0352": 0.43733037723795176,
    "policy_0353": 0.43733037723795176,
    "policy_0354": 0.43733037723795176,
    "policy_0355": 0.43733037723795176,
    "policy_0356": 0.43733037723795176,
    "policy_0357": 0.43733037723795176,
    "policy_0358": 0.43733037723795176,
    "policy_0359": 0.43733037723795176,
    "policy_0360": 0.43733037723795176,
    "policy_0361": 0.43733037723795176,
    "policy_0362": 0.43733037723795176,
    "policy_0363": 0.43733037723795176,
    "policy_0364": 0.43733037723795176,
    "policy_0365": 0.43733037723795176,
    "policy_0366": 0.43733037723795176,
    "policy_0367": 0.43733037723795176,
    "policy_0368": 0.43733037723795176,
    "policy_0369": 0.43733037723795176,
    "policy_0370": 0.43733037723795176,
    "policy_0371": 0.43733037723795176,
    "policy_0372": 0.43733037723795176,
    "policy_0373": 0.43733037723795176,
    "policy_0374": 0.43733037723795176,
    "policy_0375": 0.596569733559102,
    "policy_0376": 0.596569733559102,
    "policy_0377": 0.596569733559102,
    "policy_0378": 0.596569733559102,
    "policy_0379": 0.596569733559102,
    "policy_0380": 0.596569733559102,
    "policy_0381": 0.596569733559102,
    "policy_0382": 0.596569733559102,
    "policy_0383": 0.596569733559102,
    "policy_0384": 0.596569733559102,
    "policy_0385": 0.596569733559102,
    "policy_0386": 0.596569733559102,
    "policy_0387": 0.596569733559102,
    "policy_0388": 0.596569733559102,
    "policy_0389": 0.596569733559102,
    "policy_0390": 0.596569733559102,
    "policy_0391": 0.596569733559102,
    "policy_0392": 0.596569733559102,
    "policy_0393": 0.596569733559102,
    "policy_0394": 0.596569733559102,
    "policy_0395": 0.596569733559102,
    "policy_0396": 0.596569733559102,
    "policy_0397": 0.596569733559102,
    "policy_0398": 0.596569733559102,
    "policy_0399": 0.596569733559102,
    "policy_0400": 0.6174789975302468,
    "policy_0401": 0.6174789975302468,
    "policy_0402": 0.6174789975302468,
    "policy_0403": 0.6174789975302468,
    "policy_0404": 0.6174789975302468,
    "policy_0405": 0.6174789975302468,
    "policy_0406": 0.6174789975302468,
    "policy_0407": 0.6174789975302468,
    "policy_0408": 0.6174789975302468,
    "policy_0409": 0.6174789975302468,
    "policy_0410": 0.6174789975302468,
    "policy_0411": 0.6174789975302468,
    "policy_0412": 0.6174789975302468,
    "policy_0413": 0.6174789975302468,
    "policy_0414": 0.6174789975302468,
    "policy_0415": 0.6174789975302468,
    "policy_0416": 0.6174789975302468,
    "policy_0417": 0.6174789975302468,
    "policy_0418": 0.6174789975302468,
    "policy_0419": 0.6174789975302468,
    "policy_0420": 0.6174789975302468,
    "policy_0421": 0.6174789975302468,
    "policy_0422": 0.6174789975302468,
    "policy_0423": 0.6174789975302468,