{
  "bootstrap_samples": 10000,
  "computed_at": "2026-01-06T00:27:43.094033+00:00",
  "metrics_type": "aggregate",
  "schema_name": "exaid.metrics",
  "schema_version": "2.2.0",
  "seed": 42,
  "variants": {
    "V0": {
      "excluded_from_faithfulness_count": 15,
      "faithfulness_valid_event_count": 451,
      "flush_statistics": {
        "flush_accumulated_ctu_distribution": {
          "count": 1855,
          "max": 194.0,
          "mean": 119.73800539083558,
          "min": 3.0,
          "p50": 124.0,
          "p90": 150.0,
          "p95": 157.0,
          "p99": 172.0
        },
        "flush_count_mean": 46.375,
        "flush_interval_ms_distribution": {
          "count": 1629,
          "max": 13547.0,
          "mean": 1807.1497851442602,
          "min": 38.0,
          "p50": 1575.0,
          "p90": 3010.0,
          "p95": 3497.6,
          "p99": 4505.000000000004
        },
        "flush_reason_counts_mean": {
          "boundary_cue": 39.95,
          "end_of_trace": 3.125,
          "max_words": 0.05,
          "silence_timer": 3.25
        }
      },
      "m10_compliance": {
        "compliance_rate_mean": 0.9678111587982833,
        "schema_failure_count": 15,
        "schema_failure_rate_mean": 0.032188841201716736,
        "summary_event_count": 466
      },
      "m1_update_count_mean": 11.65,
      "m2_output_ctu_mean": 1390.85,
      "m3_redundancy": {
        "jaccard_mean": 0.3655889686647618,
        "threshold_rates": {
          "tau_0.85": 0.02112676056338028,
          "tau_0.90": 0.011737089201877934,
          "tau_0.95": 0.009389671361502348
        }
      },
      "m4_trace_coverage": {
        "ci_high": 0.17508063687727046,
        "ci_low": 0.14831052093395744,
        "mean": 0.1618352107038193
      },
      "m5_unsupported": {
        "global_rate_mean": 0.6192069132722708,
        "per_summary_mean": 0.6201656957616283
      },
      "m6a": {
        "ci_high": 0.8424422169004004,
        "ci_low": 0.80713564614182,
        "mean": 0.8248059925058909
      },
      "m6b": {
        "ci_high": 0.4531424745961878,
        "ci_low": 0.3888570192162964,
        "mean": 0.4209337063241934
      },
      "m7b_coverage_by_budget_mean": {
        "ctu_1000": 0.1289661660051405,
        "ctu_2000": 0.16037823757795489,
        "ctu_250": 0.04880949764327668,
        "ctu_500": 0.08389893637317145
      },
      "m8_latency_ms_distribution": {
        "buffer_decision": {
          "count": 1730,
          "max": 3187.0,
          "mean": 1090.1410404624278,
          "min": 574.0,
          "p50": 1037.0,
          "p90": 1419.2000000000003,
          "p95": 1547.1,
          "p99": 2022.4900000000007
        },
        "summary": {
          "count": 466,
          "max": 2808.0,
          "mean": 1278.263948497854,
          "min": 608.0,
          "p50": 1224.5,
          "p90": 1690.5,
          "p95": 1837.5,
          "p99": 2268.950000000003
        }
      },
      "m8_latency_ms_mean": {
        "buffer_decision": 1090.1410404624278,
        "summary": 1278.263948497854
      },
      "m9_usage_ctu_mean": {
        "buffer_decision_count": 43.25,
        "completion": 6434.2,
        "prompt": 55743.675,
        "total": 62177.875
      },
      "n_cases": 40,
      "overhead_attribution": {
        "content_plane_latency_ms_total": 595671.0,
        "content_plane_latency_pct": 0.24003360714695873,
        "control_plane_latency_ms_total": 1885944.0,
        "control_plane_latency_pct": 0.7599663928530412,
        "total_plane_latency_ms_total": 2481615.0
      },
      "schema_failures": 15,
      "stub_trace_count": 0,
      "virtual_time_throughput": {
        "duration_ms_mean": 76058.75,
        "summary_ctu_per_s_mean": 18.484306212200966,
        "trace_ctu_mean": 6509.925,
        "trace_ctu_per_s_mean": 85.75326138057805
      }
    },
    "V1": {
      "excluded_from_faithfulness_count": 11,
      "faithfulness_valid_event_count": 329,
      "flush_statistics": {
        "flush_accumulated_ctu_distribution": null,
        "flush_count_mean": 0.0,
        "flush_interval_ms_distribution": null,
        "flush_reason_counts_mean": {}
      },
      "m10_compliance": {
        "compliance_rate_mean": 0.9676470588235294,
        "schema_failure_count": 11,
        "schema_failure_rate_mean": 0.03235294117647059,
        "summary_event_count": 340
      },
      "m1_update_count_mean": 8.5,
      "m2_output_ctu_mean": 1148.45,
      "m3_redundancy": {
        "jaccard_mean": 0.4561077033364476,
        "threshold_rates": {
          "tau_0.85": 0.06,
          "tau_0.90": 0.03666666666666667,
          "tau_0.95": 0.02
        }
      },
      "m4_trace_coverage": {
        "ci_high": 0.15265736593546414,
        "ci_low": 0.1351241999918502,
        "mean": 0.14389948546656411
      },
      "m5_unsupported": {
        "global_rate_mean": 0.6035446181329159,
        "per_summary_mean": 0.6066007027494266
      },
      "m6a": {
        "ci_high": 0.8096369202474358,
        "ci_low": 0.7627280605433456,
        "mean": 0.7867944038286991
      },
      "m6b": {
        "ci_high": 0.35638509558272047,
        "ci_low": 0.30918692563855926,
        "mean": 0.33248329104818397
      },
      "m7b_coverage_by_budget_mean": {
        "ctu_1000": 0.1295552449203358,
        "ctu_2000": 0.14389948546656411,
        "ctu_250": 0.05494566970830685,
        "ctu_500": 0.08828103305147048
      },
      "m8_latency_ms_distribution": {
        "buffer_decision": null,
        "summary": {
          "count": 340,
          "max": 2746.0,
          "mean": 1029.8,
          "min": 562.0,
          "p50": 959.5,
          "p90": 1359.6000000000001,
          "p95": 1590.8000000000002,
          "p99": 2068.360000000001
        }
      },
      "m8_latency_ms_mean": {
        "buffer_decision": null,
        "summary": 1029.8
      },
      "m9_usage_ctu_mean": {
        "buffer_decision_count": 0.0,
        "completion": 1148.45,
        "prompt": 10469.85,
        "total": 11618.3
      },
      "n_cases": 40,
      "overhead_attribution": {
        "content_plane_latency_ms_total": 350132.0,
        "content_plane_latency_pct": 1.0,
        "control_plane_latency_ms_total": 0.0,
        "control_plane_latency_pct": 0.0,
        "total_plane_latency_ms_total": 350132.0
      },
      "schema_failures": 11,
      "stub_trace_count": 0,
      "virtual_time_throughput": {
        "duration_ms_mean": 76058.75,
        "summary_ctu_per_s_mean": 15.278256421553323,
        "trace_ctu_mean": 6509.925,
        "trace_ctu_per_s_mean": 85.75326138057805
      }
    },
    "V2": {
      "excluded_from_faithfulness_count": 47,
      "faithfulness_valid_event_count": 1808,
      "flush_statistics": {
        "flush_accumulated_ctu_distribution": {
          "count": 1855,
          "max": 194.0,
          "mean": 119.73800539083558,
          "min": 3.0,
          "p50": 124.0,
          "p90": 150.0,
          "p95": 157.0,
          "p99": 172.0
        },
        "flush_count_mean": 46.375,
        "flush_interval_ms_distribution": {
          "count": 1629,
          "max": 13547.0,
          "mean": 1807.1497851442602,
          "min": 38.0,
          "p50": 1575.0,
          "p90": 3010.0,
          "p95": 3497.6,
          "p99": 4505.000000000004
        },
        "flush_reason_counts_mean": {
          "boundary_cue": 39.95,
          "end_of_trace": 3.125,
          "max_words": 0.05,
          "silence_timer": 3.25
        }
      },
      "m10_compliance": {
        "compliance_rate_mean": 0.9746630727762803,
        "schema_failure_count": 47,
        "schema_failure_rate_mean": 0.025336927223719677,
        "summary_event_count": 1855
      },
      "m1_update_count_mean": 46.375,
      "m2_output_ctu_mean": 4312.575,
      "m3_redundancy": {
        "jaccard_mean": 0.34843684399714203,
        "threshold_rates": {
          "tau_0.85": 0.02699724517906336,